human_date_time,link,dealised_author_full_name
Fri Apr  3 16:42:09 2009,http://mail-archives.apache.org/mod_mbox/river-dev/200904.mbox/<964EAC824495234A86F3C47DA8BD8AAD1775FC@sucden-exch.sucden.co.uk>,tom hobbs
Sun Apr 26 07:23:55 2009,http://mail-archives.apache.org/mod_mbox/river-dev/200904.mbox/<op.uszf53s2inecwn@localhost.localdomain>,tom hobbs
Mon Apr 27 12:41:06 2009,http://mail-archives.apache.org/mod_mbox/river-dev/200904.mbox/<964EAC824495234A86F3C47DA8BD8AAD177611@sucden-exch.sucden.co.uk>,tom hobbs
Tue Apr 28 10:38:59 2009,http://mail-archives.apache.org/mod_mbox/river-dev/200904.mbox/<964EAC824495234A86F3C47DA8BD8AAD177612@sucden-exch.sucden.co.uk>,tom hobbs
Tue Apr 28 13:44:30 2009,http://mail-archives.apache.org/mod_mbox/river-commits/200904.mbox/<676438470.1240951470653.JavaMail.jira@brutus>,tom hobbs
Wed Apr 29 03:54:31 2009,http://mail-archives.apache.org/mod_mbox/river-commits/200904.mbox/<1359986183.1241002471232.JavaMail.jira@brutus>,tom hobbs
Wed Apr 29 15:10:30 2009,http://mail-archives.apache.org/mod_mbox/river-commits/200904.mbox/<1658058108.1241043030701.JavaMail.jira@brutus>,tom hobbs
Wed Apr 29 23:15:30 2009,http://mail-archives.apache.org/mod_mbox/river-dev/200904.mbox/<op.us5774rminecwn@localhost.localdomain>,tom hobbs
Thu Apr 30 09:11:40 2009,http://mail-archives.apache.org/mod_mbox/river-dev/200904.mbox/<964EAC824495234A86F3C47DA8BD8AAD177616@sucden-exch.sucden.co.uk>,tom hobbs
Thu Apr 30 09:14:21 2009,http://mail-archives.apache.org/mod_mbox/river-dev/200904.mbox/<964EAC824495234A86F3C47DA8BD8AAD177617@sucden-exch.sucden.co.uk>,tom hobbs
Thu Apr 30 14:04:24 2009,http://mail-archives.apache.org/mod_mbox/river-dev/200904.mbox/<964EAC824495234A86F3C47DA8BD8AAD177618@sucden-exch.sucden.co.uk>,tom hobbs
